;file_name;moods;x_s;y_s
0;emoji_0.jpg;['happy', 'crying', 'sad'];[605, 490, 436];[304, 280, 371]
1;emoji_1.jpg;['crying'];[461];[244]
2;emoji_10.jpg;['happy'];[378];[87]
3;emoji_100.jpg;['crying'];[4];[447]
4;emoji_1000.jpg;['surprised'];[118];[69]
5;emoji_1001.jpg;['sad'];[734];[308]
6;emoji_1002.jpg;['crying', 'crying'];[745, 126];[105, 250]
7;emoji_1003.jpg;['surprised', 'surprised', 'crying'];[263, 548, 261];[502, 11, 30]
8;emoji_1004.jpg;['angry'];[208];[87]
9;emoji_1005.jpg;['surprised', 'happy', 'angry'];[549, 30, 715];[362, 440, 279]
10;emoji_1006.jpg;['angry'];[695];[424]
11;emoji_1007.jpg;['angry'];[581];[3]
12;emoji_1008.jpg;['surprised'];[346];[437]
13;emoji_1009.jpg;['crying'];[734];[547]
14;emoji_101.jpg;['happy'];[215];[507]
15;emoji_1010.jpg;['surprised'];[631];[293]
16;emoji_1011.jpg;['surprised'];[337];[525]
17;emoji_1012.jpg;['surprised'];[638];[272]
18;emoji_1013.jpg;['angry'];[409];[80]
19;emoji_1014.jpg;['surprised'];[144];[147]
20;emoji_1015.jpg;['angry'];[357];[321]
21;emoji_1016.jpg;['happy'];[426];[183]
22;emoji_1017.jpg;['crying', 'sad'];[104, 363];[147, 331]
23;emoji_1018.jpg;['surprised'];[5];[284]
24;emoji_1019.jpg;['angry'];[581];[15]
25;emoji_102.jpg;['sad'];[5];[190]
26;emoji_1020.jpg;['sad'];[639];[381]
27;emoji_1021.jpg;['surprised'];[27];[232]
28;emoji_1022.jpg;['angry'];[171];[132]
29;emoji_1023.jpg;['surprised'];[427];[146]
30;emoji_1024.jpg;['happy'];[556];[210]
31;emoji_1025.jpg;['happy', 'sad', 'surprised'];[571, 263, 235];[412, 68, 230]
32;emoji_1026.jpg;['angry'];[70];[354]
33;emoji_1027.jpg;['happy'];[465];[429]
34;emoji_1028.jpg;['angry'];[504];[130]
35;emoji_1029.jpg;['crying'];[200];[373]
36;emoji_103.jpg;['crying'];[167];[157]
37;emoji_1030.jpg;['crying'];[347];[531]
38;emoji_1031.jpg;['happy'];[571];[516]
39;emoji_1032.jpg;['angry'];[670];[7]
40;emoji_1033.jpg;['sad'];[244];[291]
41;emoji_1034.jpg;['crying'];[25];[529]
42;emoji_1035.jpg;['happy'];[398];[242]
43;emoji_1036.jpg;['happy'];[245];[75]
44;emoji_1037.jpg;['surprised'];[329];[401]
45;emoji_1038.jpg;['happy'];[636];[456]
46;emoji_1039.jpg;['crying', 'sad', 'crying'];[372, 556, 284];[134, 543, 43]
47;emoji_104.jpg;['happy', 'happy', 'crying'];[552, 529, 587];[390, 521, 501]
48;emoji_1040.jpg;['happy'];[102];[462]
49;emoji_1041.jpg;['crying'];[404];[347]
50;emoji_1042.jpg;['crying'];[32];[372]
51;emoji_1043.jpg;['sad'];[374];[584]
52;emoji_1044.jpg;['surprised'];[272];[280]
53;emoji_1045.jpg;['crying'];[599];[121]
54;emoji_1046.jpg;['sad'];[689];[177]
55;emoji_1047.jpg;['crying'];[612];[523]
56;emoji_1048.jpg;['surprised'];[152];[57]
57;emoji_1049.jpg;['surprised'];[299];[378]
58;emoji_105.jpg;['angry'];[483];[148]
59;emoji_1050.jpg;['happy'];[93];[357]
60;emoji_1051.jpg;['sad'];[338];[464]
61;emoji_1052.jpg;['crying'];[270];[194]
62;emoji_1053.jpg;['surprised'];[678];[60]
63;emoji_1054.jpg;['angry'];[14];[521]
64;emoji_1055.jpg;['crying'];[601];[513]
65;emoji_1056.jpg;['happy'];[500];[482]
66;emoji_1057.jpg;['angry'];[410];[377]
67;emoji_1058.jpg;['angry'];[121];[400]
68;emoji_1059.jpg;['sad'];[716];[415]
69;emoji_106.jpg;['angry'];[580];[364]
70;emoji_1060.jpg;['happy', 'angry'];[457, 32];[26, 198]
71;emoji_1061.jpg;['crying'];[741];[480]
72;emoji_1062.jpg;['angry'];[668];[421]
73;emoji_1063.jpg;['crying'];[128];[230]
74;emoji_1064.jpg;['angry'];[291];[260]
75;emoji_1065.jpg;['happy', 'surprised', 'sad'];[36, 659, 571];[133, 136, 541]
76;emoji_1066.jpg;['happy'];[557];[425]
77;emoji_1067.jpg;['angry'];[217];[92]
78;emoji_1068.jpg;['angry'];[391];[43]
79;emoji_1069.jpg;['crying'];[592];[57]
80;emoji_107.jpg;['sad', 'crying', 'angry'];[158, 243, 192];[341, 132, 67]
81;emoji_1070.jpg;['happy'];[546];[301]
82;emoji_1071.jpg;['surprised'];[540];[448]
83;emoji_1072.jpg;['crying'];[599];[465]
84;emoji_1073.jpg;['happy'];[34];[210]
85;emoji_1074.jpg;['crying'];[516];[510]
86;emoji_1075.jpg;['angry'];[91];[523]
87;emoji_1076.jpg;['sad'];[599];[49]
88;emoji_1077.jpg;['crying'];[380];[168]
89;emoji_1078.jpg;['sad'];[382];[209]
90;emoji_1079.jpg;['happy'];[77];[471]
91;emoji_108.jpg;['crying'];[375];[495]
92;emoji_1080.jpg;['happy'];[15];[127]
93;emoji_1081.jpg;['happy'];[582];[326]
94;emoji_1082.jpg;['angry'];[330];[117]
95;emoji_1083.jpg;['happy'];[444];[18]
96;emoji_1084.jpg;['happy'];[177];[454]
97;emoji_1085.jpg;['angry'];[293];[414]
98;emoji_1086.jpg;['happy'];[52];[50]
99;emoji_1087.jpg;['happy'];[596];[321]
100;emoji_1088.jpg;['angry'];[118];[209]
101;emoji_1089.jpg;['happy'];[111];[34]
102;emoji_109.jpg;['surprised'];[707];[508]
103;emoji_1090.jpg;['sad'];[410];[62]
104;emoji_1091.jpg;['happy'];[130];[102]
105;emoji_1092.jpg;['happy'];[596];[438]
106;emoji_1093.jpg;['crying'];[316];[243]
107;emoji_1094.jpg;['surprised'];[287];[89]
108;emoji_1095.jpg;['surprised'];[643];[84]
109;emoji_1096.jpg;['surprised'];[636];[32]
110;emoji_1097.jpg;['happy'];[319];[100]
111;emoji_1098.jpg;['surprised'];[212];[562]
112;emoji_1099.jpg;['angry', 'crying'];[658, 603];[323, 211]
113;emoji_11.jpg;['crying'];[540];[88]
114;emoji_110.jpg;['angry'];[471];[128]
115;emoji_1100.jpg;['crying'];[154];[227]
116;emoji_1101.jpg;['crying'];[471];[107]
117;emoji_1102.jpg;['surprised', 'happy', 'crying', 'angry', 'surprised'];[448, 509, 429, 712, 353];[138, 151, 87, 176, 68]
118;emoji_1103.jpg;['surprised'];[562];[220]
119;emoji_1104.jpg;['surprised'];[159];[189]
120;emoji_1105.jpg;['crying', 'crying', 'crying'];[489, 415, 387];[512, 431, 292]
121;emoji_1106.jpg;['angry'];[503];[141]
122;emoji_1107.jpg;['happy'];[170];[270]
123;emoji_1108.jpg;['surprised'];[171];[22]
124;emoji_1109.jpg;['happy'];[522];[333]
125;emoji_111.jpg;['angry'];[88];[368]
126;emoji_1110.jpg;['crying'];[218];[305]
127;emoji_1111.jpg;['angry'];[715];[16]
128;emoji_1112.jpg;['angry'];[107];[91]
129;emoji_1113.jpg;['angry', 'happy', 'happy', 'happy', 'happy'];[253, 612, 292, 102, 262];[181, 19, 36, 51, 498]
130;emoji_1114.jpg;['happy'];[487];[164]
131;emoji_1115.jpg;['angry'];[318];[253]
132;emoji_1116.jpg;['surprised'];[721];[484]
133;emoji_1117.jpg;['sad'];[183];[10]
134;emoji_1118.jpg;['angry'];[477];[514]
135;emoji_1119.jpg;['sad'];[606];[478]
136;emoji_112.jpg;['sad', 'sad', 'surprised'];[673, 322, 124];[326, 546, 323]
137;emoji_1120.jpg;['sad'];[429];[290]
138;emoji_113.jpg;['angry'];[164];[204]
139;emoji_114.jpg;['sad'];[677];[516]
140;emoji_115.jpg;['surprised'];[739];[134]
141;emoji_116.jpg;['angry'];[520];[170]
142;emoji_117.jpg;['angry'];[512];[127]
143;emoji_118.jpg;['crying'];[229];[495]
144;emoji_119.jpg;['crying', 'happy', 'crying'];[461, 451, 626];[414, 100, 123]
145;emoji_12.jpg;['crying'];[520];[376]
146;emoji_120.jpg;['happy'];[726];[269]
147;emoji_121.jpg;['sad'];[164];[133]
148;emoji_122.jpg;['angry', 'sad', 'crying', 'sad', 'angry'];[469, 574, 649, 299, 443];[431, 37, 74, 422, 228]
149;emoji_123.jpg;['happy'];[774];[295]
150;emoji_124.jpg;['crying'];[246];[153]
151;emoji_125.jpg;['sad'];[467];[439]
152;emoji_126.jpg;['angry'];[27];[387]
153;emoji_127.jpg;['sad'];[535];[228]
154;emoji_128.jpg;['crying'];[692];[498]
155;emoji_129.jpg;['angry'];[131];[186]
156;emoji_13.jpg;['happy', 'surprised'];[560, 73];[431, 328]
157;emoji_130.jpg;['angry'];[693];[140]
158;emoji_131.jpg;['sad'];[499];[383]
159;emoji_132.jpg;['happy'];[71];[190]
160;emoji_133.jpg;['happy'];[253];[168]
161;emoji_134.jpg;['surprised'];[498];[279]
162;emoji_135.jpg;['sad'];[226];[355]
163;emoji_136.jpg;['sad'];[486];[219]
164;emoji_137.jpg;['surprised'];[419];[358]
165;emoji_138.jpg;['surprised'];[127];[58]
166;emoji_139.jpg;['happy'];[339];[294]
167;emoji_14.jpg;['sad'];[656];[521]
168;emoji_140.jpg;['sad'];[366];[554]
169;emoji_141.jpg;['happy', 'sad', 'sad'];[39, 648, 511];[188, 483, 472]
170;emoji_142.jpg;['happy'];[418];[265]
171;emoji_143.jpg;['surprised'];[474];[367]
172;emoji_144.jpg;['surprised'];[375];[259]
173;emoji_145.jpg;['angry'];[74];[113]
174;emoji_146.jpg;['angry'];[747];[175]
175;emoji_147.jpg;['happy'];[266];[511]
176;emoji_148.jpg;['crying', 'angry', 'happy', 'happy', 'sad'];[519, 407, 211, 128, 254];[462, 198, 218, 251, 329]
177;emoji_149.jpg;['happy'];[537];[522]
178;emoji_15.jpg;['crying'];[545];[117]
179;emoji_150.jpg;['sad'];[328];[197]
180;emoji_151.jpg;['happy'];[375];[145]
181;emoji_152.jpg;['happy'];[554];[455]
182;emoji_153.jpg;['crying'];[29];[307]
183;emoji_154.jpg;['angry'];[486];[534]
184;emoji_155.jpg;['happy'];[635];[43]
185;emoji_156.jpg;['sad'];[369];[542]
186;emoji_157.jpg;['angry'];[542];[183]
187;emoji_158.jpg;['sad', 'sad', 'crying'];[103, 118, 499];[21, 412, 499]
188;emoji_159.jpg;['happy'];[336];[325]
189;emoji_16.jpg;['crying'];[376];[408]
190;emoji_160.jpg;['crying'];[451];[528]
191;emoji_161.jpg;['angry'];[533];[354]
192;emoji_162.jpg;['happy'];[357];[315]
193;emoji_163.jpg;['happy'];[394];[279]
194;emoji_164.jpg;['happy'];[594];[536]
195;emoji_165.jpg;['happy'];[391];[102]
196;emoji_166.jpg;['happy'];[371];[19]
197;emoji_167.jpg;['sad'];[332];[4]
198;emoji_168.jpg;['crying', 'surprised', 'happy'];[41, 316, 615];[69, 36, 525]
199;emoji_169.jpg;['surprised'];[516];[192]
200;emoji_17.jpg;['angry'];[159];[302]
201;emoji_170.jpg;['crying'];[398];[212]
202;emoji_171.jpg;['sad'];[717];[459]
203;emoji_172.jpg;['sad'];[515];[493]
204;emoji_173.jpg;['surprised'];[84];[161]
205;emoji_174.jpg;['crying'];[79];[357]
206;emoji_175.jpg;['crying'];[479];[281]
207;emoji_176.jpg;['surprised'];[358];[153]
208;emoji_177.jpg;['angry'];[232];[360]
209;emoji_178.jpg;['happy'];[232];[146]
210;emoji_179.jpg;['sad'];[736];[388]
211;emoji_18.jpg;['happy'];[506];[338]
212;emoji_180.jpg;['crying'];[404];[146]
213;emoji_181.jpg;['happy'];[207];[294]
214;emoji_182.jpg;['happy'];[187];[283]
215;emoji_183.jpg;['happy'];[534];[289]
216;emoji_184.jpg;['angry'];[607];[302]
217;emoji_185.jpg;['angry'];[400];[417]
218;emoji_186.jpg;['sad', 'crying'];[276, 152];[280, 173]
219;emoji_187.jpg;['crying'];[645];[331]
220;emoji_188.jpg;['sad'];[141];[568]
221;emoji_189.jpg;['angry'];[235];[14]
222;emoji_19.jpg;['happy'];[676];[383]
223;emoji_190.jpg;['sad', 'crying', 'angry', 'crying', 'sad'];[535, 269, 689, 188, 244];[287, 363, 464, 470, 32]
224;emoji_191.jpg;['happy'];[258];[370]
225;emoji_192.jpg;['sad', 'sad', 'sad'];[390, 49, 391];[431, 224, 210]
226;emoji_194.jpg;['sad', 'happy', 'crying', 'crying', 'surprised'];[168, 170, 387, 153, 469];[202, 269, 376, 373, 56]
227;emoji_195.jpg;['sad'];[24];[432]
228;emoji_196.jpg;['happy'];[681];[193]
229;emoji_197.jpg;['angry'];[296];[51]
230;emoji_198.jpg;['surprised'];[693];[426]
231;emoji_199.jpg;['happy'];[542];[465]
232;emoji_2.jpg;['crying'];[230];[339]
233;emoji_20.jpg;['surprised'];[253];[321]
234;emoji_200.jpg;['sad', 'happy'];[307, 511];[36, 311]
235;emoji_201.jpg;['crying'];[306];[503]
236;emoji_202.jpg;['happy', 'angry'];[743, 310];[505, 511]
237;emoji_203.jpg;['happy'];[298];[467]
238;emoji_204.jpg;['angry'];[338];[103]
239;emoji_205.jpg;['happy'];[326];[238]
240;emoji_206.jpg;['angry', 'happy'];[349, 364];[349, 36]
241;emoji_207.jpg;['sad', 'crying', 'crying', 'surprised', 'angry'];[200, 158, 553, 71, 44];[421, 288, 302, 151, 381]
242;emoji_208.jpg;['happy'];[485];[388]
243;emoji_209.jpg;['crying'];[201];[371]
244;emoji_21.jpg;['angry'];[263];[415]
245;emoji_210.jpg;['surprised', 'surprised', 'crying'];[318, 232, 441];[50, 326, 116]
246;emoji_211.jpg;['surprised'];[601];[342]
247;emoji_212.jpg;['sad', 'surprised', 'angry', 'crying', 'surprised'];[121, 359, 637, 303, 21];[224, 197, 74, 291, 509]
248;emoji_213.jpg;['angry'];[535];[30]
249;emoji_214.jpg;['happy'];[221];[493]
250;emoji_215.jpg;['crying'];[620];[268]
251;emoji_216.jpg;['crying'];[155];[413]
252;emoji_217.jpg;['sad'];[537];[7]
253;emoji_218.jpg;['sad'];[595];[165]
254;emoji_219.jpg;['crying'];[418];[331]
255;emoji_22.jpg;['crying'];[571];[457]
256;emoji_220.jpg;['surprised', 'angry', 'surprised', 'sad', 'angry'];[640, 439, 419, 738, 291];[31, 117, 230, 175, 478]
257;emoji_221.jpg;['sad'];[567];[480]
258;emoji_222.jpg;['surprised'];[604];[381]
259;emoji_223.jpg;['crying'];[346];[252]
260;emoji_224.jpg;['sad'];[483];[398]
261;emoji_225.jpg;['surprised'];[729];[96]
262;emoji_226.jpg;['crying'];[399];[246]
263;emoji_227.jpg;['crying'];[660];[293]
264;emoji_228.jpg;['happy'];[367];[376]
265;emoji_229.jpg;['happy', 'crying'];[40, 196];[545, 119]
266;emoji_23.jpg;['crying'];[11];[26]
267;emoji_230.jpg;['happy'];[467];[333]
268;emoji_231.jpg;['crying'];[216];[445]
269;emoji_232.jpg;['happy'];[610];[42]
270;emoji_233.jpg;['happy'];[427];[387]
271;emoji_234.jpg;['happy'];[390];[135]
272;emoji_235.jpg;['happy'];[180];[133]
273;emoji_236.jpg;['happy', 'surprised', 'happy', 'crying', 'angry'];[288, 619, 164, 506, 643];[402, 137, 252, 365, 439]
274;emoji_237.jpg;['happy'];[71];[364]
275;emoji_238.jpg;['happy'];[287];[425]
276;emoji_239.jpg;['sad'];[303];[453]
277;emoji_24.jpg;['sad'];[43];[127]
278;emoji_240.jpg;['sad'];[262];[105]
279;emoji_241.jpg;['crying', 'angry'];[64, 226];[296, 475]
280;emoji_242.jpg;['crying', 'angry', 'crying', 'surprised', 'surprised'];[381, 203, 640, 587, 370];[178, 94, 201, 358, 443]
281;emoji_243.jpg;['surprised'];[266];[395]
282;emoji_244.jpg;['sad'];[140];[81]
283;emoji_245.jpg;['crying'];[57];[268]
284;emoji_246.jpg;['surprised', 'crying'];[23, 577];[270, 527]
285;emoji_247.jpg;['angry'];[196];[190]
286;emoji_248.jpg;['surprised'];[0];[506]
287;emoji_249.jpg;['happy'];[567];[340]
288;emoji_25.jpg;['happy'];[635];[5]
289;emoji_250.jpg;['sad'];[716];[519]
290;emoji_251.jpg;['surprised'];[104];[36]
291;emoji_252.jpg;['sad'];[588];[27]
292;emoji_253.jpg;['surprised'];[629];[180]
293;emoji_254.jpg;['surprised'];[525];[127]
294;emoji_255.jpg;['crying'];[341];[103]
295;emoji_256.jpg;['surprised'];[526];[103]
296;emoji_257.jpg;['happy'];[114];[88]
297;emoji_258.jpg;['surprised'];[706];[489]
298;emoji_259.jpg;['angry'];[151];[102]
299;emoji_26.jpg;['surprised', 'angry', 'surprised', 'sad', 'angry'];[410, 613, 635, 564, 205];[404, 510, 118, 364, 204]
300;emoji_260.jpg;['happy'];[500];[491]
301;emoji_261.jpg;['angry'];[659];[462]
302;emoji_262.jpg;['angry'];[443];[342]
303;emoji_263.jpg;['surprised'];[556];[18]
304;emoji_264.jpg;['angry'];[507];[438]
305;emoji_265.jpg;['surprised'];[431];[339]
306;emoji_266.jpg;['surprised'];[252];[454]
307;emoji_267.jpg;['crying'];[216];[176]
308;emoji_268.jpg;['sad'];[367];[484]
309;emoji_269.jpg;['surprised', 'crying'];[223, 258];[249, 15]
310;emoji_27.jpg;['crying'];[562];[345]
311;emoji_270.jpg;['angry'];[441];[86]
312;emoji_271.jpg;['crying'];[733];[536]
313;emoji_272.jpg;['happy'];[451];[317]
314;emoji_273.jpg;['angry'];[199];[245]
315;emoji_274.jpg;['angry'];[608];[255]
316;emoji_275.jpg;['angry'];[328];[361]
317;emoji_276.jpg;['crying'];[379];[121]
318;emoji_277.jpg;['angry'];[565];[264]
319;emoji_278.jpg;['angry'];[5];[290]
320;emoji_279.jpg;['sad'];[58];[102]
321;emoji_28.jpg;['sad'];[420];[165]
322;emoji_280.jpg;['sad'];[476];[326]
323;emoji_281.jpg;['angry'];[327];[297]
324;emoji_282.jpg;['surprised'];[92];[384]
325;emoji_283.jpg;['crying'];[592];[70]
326;emoji_284.jpg;['sad'];[166];[450]
327;emoji_285.jpg;['sad'];[421];[293]
328;emoji_286.jpg;['sad'];[707];[517]
329;emoji_287.jpg;['sad'];[354];[154]
330;emoji_288.jpg;['sad'];[380];[231]
331;emoji_289.jpg;['crying'];[412];[261]
332;emoji_29.jpg;['happy'];[266];[270]
333;emoji_290.jpg;['angry'];[308];[210]
334;emoji_291.jpg;['surprised'];[336];[2]
335;emoji_292.jpg;['sad'];[354];[409]
336;emoji_293.jpg;['crying'];[94];[294]
337;emoji_294.jpg;['happy'];[31];[430]
338;emoji_295.jpg;['sad'];[583];[74]
339;emoji_296.jpg;['sad'];[633];[458]
340;emoji_297.jpg;['angry'];[261];[84]
341;emoji_298.jpg;['crying'];[603];[306]
342;emoji_299.jpg;['surprised'];[618];[329]
343;emoji_3.jpg;['sad'];[136];[124]
344;emoji_30.jpg;['surprised'];[684];[287]
345;emoji_300.jpg;['angry'];[699];[114]
346;emoji_301.jpg;['angry'];[350];[209]
347;emoji_302.jpg;['surprised'];[137];[316]
348;emoji_303.jpg;['surprised'];[258];[273]
349;emoji_304.jpg;['angry'];[21];[547]
350;emoji_305.jpg;['angry'];[651];[69]
351;emoji_306.jpg;['crying'];[351];[398]
352;emoji_307.jpg;['happy', 'happy'];[682, 622];[40, 372]
353;emoji_308.jpg;['happy'];[290];[164]
354;emoji_309.jpg;['happy'];[620];[262]
355;emoji_31.jpg;['happy'];[630];[514]
356;emoji_310.jpg;['happy'];[98];[111]
357;emoji_311.jpg;['crying'];[318];[363]
358;emoji_312.jpg;['angry', 'angry', 'happy'];[522, 726, 260];[323, 166, 497]
359;emoji_313.jpg;['crying'];[476];[218]
360;emoji_314.jpg;['happy'];[508];[360]
361;emoji_315.jpg;['sad'];[120];[406]
362;emoji_316.jpg;['sad'];[245];[441]
363;emoji_317.jpg;['happy'];[519];[143]
364;emoji_318.jpg;['sad'];[79];[161]
365;emoji_319.jpg;['happy'];[33];[104]
366;emoji_32.jpg;['happy'];[272];[448]
367;emoji_320.jpg;['surprised'];[32];[197]
368;emoji_321.jpg;['sad'];[220];[144]
369;emoji_322.jpg;['happy', 'crying', 'happy', 'happy', 'happy'];[5, 626, 230, 286, 674];[243, 232, 101, 198, 447]
370;emoji_323.jpg;['crying'];[434];[170]
371;emoji_324.jpg;['angry'];[613];[332]
372;emoji_325.jpg;['surprised'];[386];[72]
373;emoji_326.jpg;['angry'];[507];[262]
374;emoji_327.jpg;['angry', 'sad', 'sad', 'crying', 'surprised'];[582, 524, 164, 220, 202];[280, 112, 54, 253, 390]
375;emoji_328.jpg;['surprised'];[579];[454]
376;emoji_329.jpg;['sad'];[176];[311]
377;emoji_33.jpg;['sad'];[77];[515]
378;emoji_330.jpg;['crying'];[351];[16]
379;emoji_331.jpg;['happy', 'angry', 'happy'];[461, 479, 716];[18, 397, 319]
380;emoji_332.jpg;['sad'];[702];[499]
381;emoji_333.jpg;['happy'];[157];[130]
382;emoji_334.jpg;['happy'];[491];[145]
383;emoji_335.jpg;['sad'];[338];[379]
384;emoji_336.jpg;['sad'];[38];[102]
385;emoji_337.jpg;['crying'];[185];[374]
386;emoji_338.jpg;['sad'];[556];[393]
387;emoji_339.jpg;['surprised'];[9];[290]
388;emoji_34.jpg;['angry'];[672];[512]
389;emoji_340.jpg;['crying'];[651];[68]
390;emoji_341.jpg;['crying'];[432];[111]
391;emoji_342.jpg;['sad'];[399];[336]
392;emoji_343.jpg;['angry'];[266];[339]
393;emoji_344.jpg;['angry'];[501];[391]
394;emoji_345.jpg;['happy'];[612];[371]
395;emoji_346.jpg;['happy'];[666];[427]
396;emoji_347.jpg;['surprised'];[540];[311]
397;emoji_348.jpg;['happy', 'crying', 'surprised', 'sad', 'angry'];[623, 737, 671, 325, 338];[319, 182, 500, 4, 160]
398;emoji_349.jpg;['angry'];[66];[511]
399;emoji_35.jpg;['crying', 'happy', 'surprised'];[209, 84, 738];[377, 361, 474]
400;emoji_350.jpg;['surprised'];[277];[262]
401;emoji_351.jpg;['surprised'];[499];[463]
402;emoji_352.jpg;['surprised'];[367];[100]
403;emoji_353.jpg;['surprised'];[677];[496]
404;emoji_354.jpg;['surprised', 'crying'];[185, 400];[471, 483]
405;emoji_355.jpg;['surprised'];[675];[356]
406;emoji_356.jpg;['surprised'];[377];[4]
407;emoji_357.jpg;['sad'];[655];[307]
408;emoji_358.jpg;['happy'];[133];[202]
409;emoji_359.jpg;['crying'];[477];[114]
410;emoji_36.jpg;['crying'];[358];[478]
411;emoji_360.jpg;['angry', 'angry', 'angry'];[379, 410, 9];[376, 470, 449]
412;emoji_361.jpg;['happy', 'surprised', 'crying', 'surprised', 'happy'];[615, 318, 524, 717, 458];[240, 335, 33, 291, 193]
413;emoji_362.jpg;['angry'];[506];[100]
414;emoji_363.jpg;['surprised'];[740];[81]
415;emoji_364.jpg;['surprised', 'happy', 'sad'];[74, 696, 458];[137, 435, 20]
416;emoji_365.jpg;['angry'];[515];[202]
417;emoji_366.jpg;['crying'];[387];[244]
418;emoji_367.jpg;['surprised'];[127];[121]
419;emoji_368.jpg;['sad'];[425];[15]
420;emoji_369.jpg;['surprised'];[628];[303]
421;emoji_37.jpg;['surprised'];[360];[327]
422;emoji_370.jpg;['angry'];[278];[488]
423;emoji_371.jpg;['happy'];[5];[451]
424;emoji_372.jpg;['sad'];[640];[60]
425;emoji_373.jpg;['angry'];[42];[333]
426;emoji_374.jpg;['surprised'];[126];[342]
427;emoji_375.jpg;['happy', 'surprised', 'sad', 'crying', 'angry'];[260, 475, 432, 592, 251];[248, 335, 80, 482, 166]
428;emoji_376.jpg;['angry'];[270];[434]
429;emoji_377.jpg;['sad'];[455];[369]
430;emoji_378.jpg;['angry'];[405];[350]
431;emoji_379.jpg;['happy'];[705];[190]
432;emoji_38.jpg;['happy'];[674];[370]
433;emoji_380.jpg;['surprised', 'sad'];[439, 332];[364, 487]
434;emoji_381.jpg;['crying'];[557];[339]
435;emoji_382.jpg;['crying'];[704];[100]
436;emoji_383.jpg;['crying'];[273];[235]
437;emoji_384.jpg;['happy', 'angry'];[13, 701];[199, 211]
438;emoji_385.jpg;['happy'];[469];[482]
439;emoji_386.jpg;['happy'];[55];[359]
440;emoji_387.jpg;['sad', 'happy', 'happy', 'angry', 'surprised'];[257, 564, 243, 613, 415];[158, 501, 440, 264, 298]
441;emoji_388.jpg;['happy'];[481];[222]
442;emoji_389.jpg;['surprised'];[745];[13]
443;emoji_39.jpg;['crying'];[725];[218]
444;emoji_390.jpg;['sad'];[470];[81]
445;emoji_391.jpg;['angry'];[78];[106]
446;emoji_392.jpg;['happy'];[319];[574]
447;emoji_393.jpg;['surprised'];[141];[392]
448;emoji_394.jpg;['angry'];[382];[160]
449;emoji_395.jpg;['surprised'];[200];[456]
450;emoji_396.jpg;['angry'];[19];[357]
451;emoji_397.jpg;['surprised'];[475];[462]
452;emoji_398.jpg;['happy'];[726];[255]
453;emoji_399.jpg;['sad'];[37];[143]
454;emoji_4.jpg;['angry'];[704];[286]
455;emoji_40.jpg;['sad'];[449];[576]
456;emoji_400.jpg;['angry', 'surprised'];[74, 448];[424, 264]
457;emoji_401.jpg;['surprised'];[318];[496]
458;emoji_402.jpg;['happy'];[404];[403]
459;emoji_403.jpg;['sad'];[619];[130]
460;emoji_404.jpg;['happy'];[1];[31]
461;emoji_405.jpg;['surprised', 'surprised'];[490, 734];[90, 393]
462;emoji_406.jpg;['crying'];[174];[482]
463;emoji_407.jpg;['crying'];[642];[142]
464;emoji_408.jpg;['angry'];[181];[467]
465;emoji_409.jpg;['sad'];[359];[376]
466;emoji_41.jpg;['happy'];[269];[378]
467;emoji_410.jpg;['angry'];[386];[249]
468;emoji_411.jpg;['crying'];[291];[174]
469;emoji_412.jpg;['happy'];[636];[1]
470;emoji_413.jpg;['happy'];[193];[540]
471;emoji_414.jpg;['crying'];[448];[378]
472;emoji_415.jpg;['sad'];[493];[213]
473;emoji_416.jpg;['sad'];[473];[292]
474;emoji_417.jpg;['angry'];[111];[66]
475;emoji_418.jpg;['crying'];[89];[497]
476;emoji_419.jpg;['angry'];[206];[217]
477;emoji_42.jpg;['happy'];[487];[105]
478;emoji_420.jpg;['happy'];[489];[151]
479;emoji_421.jpg;['happy'];[567];[149]
480;emoji_422.jpg;['happy'];[237];[159]
481;emoji_423.jpg;['sad'];[239];[163]
482;emoji_424.jpg;['happy'];[309];[480]
483;emoji_425.jpg;['angry'];[82];[38]
484;emoji_426.jpg;['happy'];[254];[510]
485;emoji_427.jpg;['sad'];[592];[431]
486;emoji_428.jpg;['sad'];[22];[280]
487;emoji_429.jpg;['sad'];[332];[232]
488;emoji_43.jpg;['sad'];[488];[380]
489;emoji_430.jpg;['happy'];[157];[231]
490;emoji_431.jpg;['sad'];[612];[332]
491;emoji_432.jpg;['crying'];[552];[313]
492;emoji_433.jpg;['happy', 'angry', 'surprised'];[495, 564, 116];[214, 315, 419]
493;emoji_434.jpg;['surprised'];[525];[428]
494;emoji_435.jpg;['happy'];[368];[508]
495;emoji_436.jpg;['surprised'];[84];[126]
496;emoji_437.jpg;['sad'];[13];[36]
497;emoji_438.jpg;['crying'];[695];[63]
498;emoji_439.jpg;['crying'];[200];[410]
499;emoji_44.jpg;['angry'];[508];[359]
500;emoji_440.jpg;['sad'];[482];[33]
501;emoji_441.jpg;['angry'];[644];[502]
502;emoji_442.jpg;['happy'];[558];[249]
503;emoji_443.jpg;['happy'];[2];[456]
504;emoji_444.jpg;['sad'];[599];[130]
505;emoji_445.jpg;['crying'];[399];[16]
506;emoji_446.jpg;['surprised'];[206];[370]
507;emoji_447.jpg;['angry'];[296];[403]
508;emoji_448.jpg;['happy'];[670];[12]
509;emoji_449.jpg;['surprised'];[604];[179]
510;emoji_45.jpg;['crying'];[76];[240]
511;emoji_450.jpg;['sad', 'sad'];[357, 721];[418, 404]
512;emoji_451.jpg;['sad'];[224];[243]
513;emoji_452.jpg;['angry'];[668];[2]
514;emoji_453.jpg;['surprised'];[199];[191]
515;emoji_454.jpg;['surprised'];[361];[32]
516;emoji_455.jpg;['crying'];[715];[267]
517;emoji_456.jpg;['surprised'];[351];[366]
518;emoji_457.jpg;['happy'];[437];[49]
519;emoji_458.jpg;['crying'];[352];[546]
520;emoji_459.jpg;['angry'];[47];[536]
521;emoji_46.jpg;['sad'];[336];[76]
522;emoji_460.jpg;['surprised'];[731];[16]
523;emoji_461.jpg;['angry'];[208];[26]
524;emoji_462.jpg;['surprised'];[75];[483]
525;emoji_463.jpg;['happy'];[434];[195]
526;emoji_464.jpg;['happy'];[538];[113]
527;emoji_465.jpg;['sad'];[563];[466]
528;emoji_466.jpg;['crying'];[528];[522]
529;emoji_467.jpg;['angry'];[359];[475]
530;emoji_468.jpg;['sad'];[594];[351]
531;emoji_469.jpg;['surprised', 'happy'];[238, 585];[238, 510]
532;emoji_47.jpg;['happy'];[492];[349]
533;emoji_470.jpg;['sad'];[355];[257]
534;emoji_471.jpg;['crying'];[433];[498]
535;emoji_472.jpg;['surprised'];[391];[524]
536;emoji_473.jpg;['sad'];[477];[191]
537;emoji_474.jpg;['crying'];[710];[184]
538;emoji_475.jpg;['sad'];[572];[74]
539;emoji_476.jpg;['sad'];[395];[366]
540;emoji_477.jpg;['sad'];[285];[302]
541;emoji_478.jpg;['crying'];[684];[420]
542;emoji_479.jpg;['happy'];[704];[4]
543;emoji_48.jpg;['sad'];[506];[474]
544;emoji_480.jpg;['sad'];[610];[463]
545;emoji_481.jpg;['crying'];[60];[199]
546;emoji_482.jpg;['happy', 'surprised', 'sad', 'crying', 'crying'];[623, 266, 685, 575, 205];[342, 541, 249, 243, 171]
547;emoji_483.jpg;['angry'];[185];[215]
548;emoji_484.jpg;['angry'];[252];[115]
549;emoji_485.jpg;['angry'];[525];[527]
550;emoji_486.jpg;['happy'];[471];[275]
551;emoji_487.jpg;['happy'];[129];[459]
552;emoji_488.jpg;['angry', 'happy', 'sad', 'happy', 'happy'];[465, 669, 552, 724, 153];[341, 168, 247, 104, 376]
553;emoji_489.jpg;['crying'];[623];[69]
554;emoji_49.jpg;['crying'];[319];[267]
555;emoji_490.jpg;['crying', 'crying'];[416, 215];[413, 294]
556;emoji_491.jpg;['angry'];[603];[506]
557;emoji_492.jpg;['sad'];[449];[116]
558;emoji_493.jpg;['surprised'];[252];[349]
559;emoji_494.jpg;['crying'];[523];[457]
560;emoji_495.jpg;['angry'];[706];[80]
561;emoji_496.jpg;['crying'];[319];[301]
562;emoji_497.jpg;['happy'];[574];[172]
563;emoji_498.jpg;['surprised'];[559];[48]
564;emoji_499.jpg;['angry'];[386];[310]
565;emoji_5.jpg;['crying'];[609];[331]
566;emoji_50.jpg;['angry'];[203];[251]
567;emoji_500.jpg;['surprised'];[685];[390]
568;emoji_501.jpg;['sad'];[537];[366]
569;emoji_502.jpg;['surprised'];[357];[62]
570;emoji_503.jpg;['angry'];[91];[255]
571;emoji_504.jpg;['crying'];[24];[61]
572;emoji_505.jpg;['happy'];[480];[322]
573;emoji_506.jpg;['angry'];[431];[478]
574;emoji_507.jpg;['surprised'];[692];[90]
575;emoji_508.jpg;['sad'];[167];[13]
576;emoji_509.jpg;['surprised'];[190];[316]
577;emoji_51.jpg;['happy'];[440];[3]
578;emoji_510.jpg;['sad'];[707];[225]
579;emoji_511.jpg;['crying'];[312];[278]
580;emoji_512.jpg;['surprised'];[495];[55]
581;emoji_513.jpg;['angry'];[230];[519]
582;emoji_514.jpg;['sad'];[91];[148]
583;emoji_515.jpg;['surprised'];[432];[104]
584;emoji_516.jpg;['surprised'];[480];[90]
585;emoji_517.jpg;['surprised'];[507];[302]
586;emoji_518.jpg;['angry'];[484];[86]
587;emoji_519.jpg;['angry'];[258];[544]
588;emoji_52.jpg;['crying'];[264];[105]
589;emoji_520.jpg;['surprised'];[66];[231]
590;emoji_521.jpg;['crying'];[413];[209]
591;emoji_522.jpg;['sad'];[438];[369]
592;emoji_523.jpg;['sad'];[645];[71]
593;emoji_524.jpg;['angry'];[219];[62]
594;emoji_525.jpg;['sad'];[461];[76]
595;emoji_526.jpg;['happy'];[612];[507]
596;emoji_527.jpg;['crying'];[231];[293]
597;emoji_528.jpg;['happy'];[80];[265]
598;emoji_529.jpg;['angry'];[692];[435]
599;emoji_53.jpg;['happy'];[241];[135]
600;emoji_530.jpg;['surprised'];[414];[81]
601;emoji_531.jpg;['happy'];[311];[161]
602;emoji_532.jpg;['sad'];[25];[178]
603;emoji_533.jpg;['sad', 'angry'];[178, 174];[545, 286]
604;emoji_534.jpg;['sad'];[600];[215]
605;emoji_535.jpg;['crying'];[725];[340]
606;emoji_536.jpg;['happy'];[260];[426]
607;emoji_537.jpg;['angry'];[109];[500]
608;emoji_538.jpg;['angry'];[698];[389]
609;emoji_539.jpg;['surprised'];[244];[235]
610;emoji_54.jpg;['sad'];[535];[63]
611;emoji_540.jpg;['angry'];[639];[227]
612;emoji_541.jpg;['sad'];[493];[255]
613;emoji_542.jpg;['sad'];[5];[204]
614;emoji_543.jpg;['sad', 'sad'];[219, 102];[529, 68]
615;emoji_544.jpg;['crying'];[295];[187]
616;emoji_545.jpg;['sad'];[283];[173]
617;emoji_546.jpg;['happy'];[582];[265]
618;emoji_547.jpg;['angry'];[556];[187]
619;emoji_548.jpg;['crying', 'angry', 'happy'];[306, 167, 641];[179, 391, 376]
620;emoji_549.jpg;['crying'];[197];[220]
621;emoji_55.jpg;['angry', 'crying', 'crying'];[48, 479, 302];[34, 171, 347]
622;emoji_550.jpg;['angry'];[418];[280]
623;emoji_551.jpg;['angry'];[35];[24]
624;emoji_552.jpg;['happy'];[490];[249]
625;emoji_553.jpg;['sad'];[366];[2]
626;emoji_554.jpg;['surprised'];[341];[329]
627;emoji_555.jpg;['crying'];[650];[461]
628;emoji_556.jpg;['surprised'];[160];[545]
629;emoji_557.jpg;['sad', 'surprised', 'surprised'];[424, 709, 149];[21, 392, 248]
630;emoji_558.jpg;['crying'];[92];[176]
631;emoji_559.jpg;['surprised'];[148];[332]
632;emoji_56.jpg;['surprised'];[443];[321]
633;emoji_560.jpg;['happy'];[329];[519]
634;emoji_561.jpg;['angry'];[333];[81]
635;emoji_562.jpg;['happy'];[656];[405]
636;emoji_563.jpg;['angry'];[386];[424]
637;emoji_564.jpg;['sad'];[179];[428]
638;emoji_565.jpg;['angry'];[495];[45]
639;emoji_566.jpg;['crying'];[72];[221]
640;emoji_567.jpg;['crying'];[392];[155]
641;emoji_568.jpg;['crying'];[500];[547]
642;emoji_569.jpg;['angry'];[290];[11]
643;emoji_57.jpg;['crying', 'angry'];[165, 237];[428, 298]
644;emoji_570.jpg;['surprised', 'surprised', 'surprised', 'crying', 'angry'];[687, 349, 720, 340, 556];[487, 116, 309, 53, 44]
645;emoji_571.jpg;['sad'];[171];[494]
646;emoji_572.jpg;['surprised'];[147];[289]
647;emoji_573.jpg;['sad'];[736];[15]
648;emoji_574.jpg;['surprised'];[193];[48]
649;emoji_575.jpg;['crying'];[23];[534]
650;emoji_576.jpg;['angry'];[309];[153]
651;emoji_577.jpg;['happy'];[231];[63]
652;emoji_578.jpg;['sad'];[729];[96]
653;emoji_579.jpg;['sad'];[112];[84]
654;emoji_58.jpg;['surprised', 'angry', 'crying', 'crying', 'crying'];[341, 353, 456, 188, 413];[338, 436, 305, 503, 399]
655;emoji_580.jpg;['angry'];[709];[21]
656;emoji_581.jpg;['sad'];[400];[295]
657;emoji_582.jpg;['sad'];[99];[253]
658;emoji_583.jpg;['happy'];[30];[88]
659;emoji_584.jpg;['surprised'];[488];[361]
660;emoji_585.jpg;['crying'];[412];[142]
661;emoji_586.jpg;['crying'];[306];[541]
662;emoji_587.jpg;['surprised'];[76];[550]
663;emoji_588.jpg;['angry'];[566];[552]
664;emoji_589.jpg;['sad'];[325];[381]
665;emoji_59.jpg;['happy'];[645];[343]
666;emoji_590.jpg;['surprised'];[170];[208]
667;emoji_591.jpg;['crying'];[332];[446]
668;emoji_592.jpg;['sad'];[189];[368]
669;emoji_593.jpg;['angry'];[273];[232]
670;emoji_594.jpg;['angry'];[213];[474]
671;emoji_595.jpg;['happy'];[249];[83]
672;emoji_596.jpg;['crying'];[66];[53]
673;emoji_597.jpg;['surprised'];[627];[372]
674;emoji_598.jpg;['happy'];[470];[68]
675;emoji_599.jpg;['angry'];[606];[500]
676;emoji_6.jpg;['happy'];[441];[497]
677;emoji_60.jpg;['sad'];[162];[389]
678;emoji_600.jpg;['crying'];[269];[357]
679;emoji_601.jpg;['sad'];[135];[312]
680;emoji_602.jpg;['crying'];[16];[324]
681;emoji_603.jpg;['happy'];[302];[68]
682;emoji_604.jpg;['angry'];[428];[67]
683;emoji_605.jpg;['surprised'];[651];[364]
684;emoji_606.jpg;['surprised'];[537];[281]
685;emoji_607.jpg;['surprised'];[106];[249]
686;emoji_608.jpg;['sad'];[215];[318]
687;emoji_609.jpg;['happy'];[452];[360]
688;emoji_61.jpg;['crying'];[455];[31]
689;emoji_610.jpg;['happy'];[421];[120]
690;emoji_611.jpg;['crying'];[417];[364]
691;emoji_612.jpg;['sad'];[12];[498]
692;emoji_613.jpg;['angry'];[120];[388]
693;emoji_614.jpg;['crying'];[164];[64]
694;emoji_615.jpg;['happy'];[290];[169]
695;emoji_616.jpg;['surprised'];[266];[367]
696;emoji_617.jpg;['angry'];[650];[338]
697;emoji_618.jpg;['happy'];[98];[103]
698;emoji_619.jpg;['sad'];[471];[455]
699;emoji_62.jpg;['surprised'];[289];[472]
700;emoji_620.jpg;['crying'];[746];[138]
701;emoji_621.jpg;['sad'];[702];[344]
702;emoji_622.jpg;['crying'];[592];[203]
703;emoji_623.jpg;['crying', 'crying', 'sad', 'surprised', 'crying'];[664, 325, 219, 721, 420];[27, 355, 145, 526, 111]
704;emoji_624.jpg;['sad', 'sad', 'crying'];[641, 528, 512];[389, 301, 134]
705;emoji_625.jpg;['crying'];[633];[302]
706;emoji_626.jpg;['crying'];[286];[42]
707;emoji_627.jpg;['surprised', 'surprised', 'sad'];[581, 1, 409];[270, 319, 399]
708;emoji_628.jpg;['angry'];[346];[525]
709;emoji_629.jpg;['happy'];[406];[353]
710;emoji_63.jpg;['surprised'];[199];[282]
711;emoji_630.jpg;['crying'];[264];[530]
712;emoji_631.jpg;['crying'];[85];[266]
713;emoji_632.jpg;['surprised'];[575];[241]
714;emoji_633.jpg;['happy'];[630];[273]
715;emoji_634.jpg;['crying'];[644];[166]
716;emoji_635.jpg;['sad'];[223];[337]
717;emoji_636.jpg;['happy'];[342];[83]
718;emoji_637.jpg;['surprised'];[60];[82]
719;emoji_638.jpg;['crying'];[404];[142]
720;emoji_639.jpg;['angry'];[29];[35]
721;emoji_64.jpg;['surprised'];[162];[207]
722;emoji_640.jpg;['crying'];[710];[66]
723;emoji_641.jpg;['sad'];[451];[487]
724;emoji_642.jpg;['crying'];[691];[82]
725;emoji_643.jpg;['happy'];[590];[559]
726;emoji_644.jpg;['sad'];[135];[336]
727;emoji_645.jpg;['happy', 'surprised', 'surprised', 'happy', 'surprised'];[582, 569, 350, 569, 723];[218, 75, 514, 397, 77]
728;emoji_646.jpg;['happy'];[544];[359]
729;emoji_647.jpg;['sad'];[701];[386]
730;emoji_648.jpg;['crying', 'angry'];[747, 560];[519, 138]
731;emoji_649.jpg;['surprised'];[108];[423]
732;emoji_65.jpg;['happy'];[387];[112]
733;emoji_650.jpg;['angry'];[102];[464]
734;emoji_651.jpg;['crying'];[38];[283]
735;emoji_652.jpg;['surprised'];[553];[372]
736;emoji_653.jpg;['surprised', 'angry'];[1, 292];[537, 502]
737;emoji_654.jpg;['surprised'];[384];[72]
738;emoji_655.jpg;['surprised'];[125];[49]
739;emoji_656.jpg;['angry'];[295];[455]
740;emoji_657.jpg;['sad'];[61];[482]
741;emoji_658.jpg;['crying', 'sad', 'sad', 'sad', 'sad'];[718, 496, 668, 606, 123];[241, 12, 8, 486, 356]
742;emoji_659.jpg;['surprised'];[606];[518]
743;emoji_66.jpg;['angry'];[718];[6]
744;emoji_660.jpg;['surprised'];[154];[19]
745;emoji_661.jpg;['crying'];[271];[84]
746;emoji_662.jpg;['happy'];[717];[407]
747;emoji_663.jpg;['crying'];[562];[294]
748;emoji_664.jpg;['crying', 'sad'];[295, 180];[85, 123]
749;emoji_665.jpg;['sad'];[134];[498]
750;emoji_666.jpg;['crying'];[132];[454]
751;emoji_667.jpg;['sad'];[107];[245]
752;emoji_668.jpg;['surprised'];[310];[195]
753;emoji_669.jpg;['angry'];[377];[458]
754;emoji_67.jpg;['happy'];[63];[308]
755;emoji_670.jpg;['crying'];[271];[151]
756;emoji_671.jpg;['sad'];[131];[214]
757;emoji_672.jpg;['angry'];[6];[472]
758;emoji_673.jpg;['surprised'];[304];[270]
759;emoji_674.jpg;['happy'];[110];[87]
760;emoji_675.jpg;['happy'];[240];[184]
761;emoji_676.jpg;['happy', 'sad', 'surprised'];[672, 237, 514];[542, 202, 421]
762;emoji_677.jpg;['surprised'];[19];[579]
763;emoji_678.jpg;['crying'];[450];[120]
764;emoji_679.jpg;['surprised'];[204];[162]
765;emoji_68.jpg;['crying'];[18];[196]
766;emoji_680.jpg;['sad'];[216];[440]
767;emoji_681.jpg;['happy'];[497];[504]
768;emoji_682.jpg;['surprised'];[37];[384]
769;emoji_683.jpg;['angry'];[466];[30]
770;emoji_684.jpg;['happy'];[318];[64]
771;emoji_685.jpg;['crying'];[621];[234]
772;emoji_686.jpg;['angry'];[646];[351]
773;emoji_687.jpg;['sad', 'happy', 'angry', 'angry', 'sad'];[373, 277, 200, 589, 463];[265, 296, 150, 243, 200]
774;emoji_688.jpg;['sad'];[378];[111]
775;emoji_689.jpg;['surprised'];[224];[157]
776;emoji_69.jpg;['sad'];[202];[520]
777;emoji_690.jpg;['surprised'];[29];[208]
778;emoji_691.jpg;['angry'];[249];[249]
779;emoji_692.jpg;['sad'];[763];[444]
780;emoji_693.jpg;['happy'];[369];[149]
781;emoji_694.jpg;['crying'];[548];[61]
782;emoji_695.jpg;['sad'];[261];[419]
783;emoji_696.jpg;['angry'];[395];[292]
784;emoji_697.jpg;['surprised'];[303];[106]
785;emoji_698.jpg;['surprised'];[248];[131]
786;emoji_699.jpg;['surprised'];[365];[139]
787;emoji_7.jpg;['crying'];[259];[394]
788;emoji_70.jpg;['happy'];[605];[179]
789;emoji_700.jpg;['angry'];[409];[22]
790;emoji_701.jpg;['crying'];[99];[319]
791;emoji_702.jpg;['crying'];[50];[142]
792;emoji_703.jpg;['surprised'];[222];[67]
793;emoji_704.jpg;['surprised'];[101];[465]
794;emoji_705.jpg;['angry'];[603];[159]
795;emoji_706.jpg;['crying'];[415];[138]
796;emoji_707.jpg;['happy'];[67];[228]
797;emoji_708.jpg;['angry'];[596];[60]
798;emoji_709.jpg;['crying'];[388];[391]
799;emoji_71.jpg;['surprised'];[130];[578]
800;emoji_710.jpg;['angry'];[485];[182]
801;emoji_711.jpg;['happy'];[628];[109]
802;emoji_712.jpg;['surprised', 'sad', 'crying', 'angry', 'happy'];[382, 187, 619, 536, 600];[190, 548, 95, 135, 288]
803;emoji_713.jpg;['surprised'];[79];[42]
804;emoji_714.jpg;['crying'];[416];[191]
805;emoji_715.jpg;['angry'];[734];[497]
806;emoji_716.jpg;['angry'];[712];[28]
807;emoji_717.jpg;['happy'];[189];[437]
808;emoji_718.jpg;['crying'];[278];[441]
809;emoji_719.jpg;['sad'];[627];[103]
810;emoji_72.jpg;['angry'];[541];[155]
811;emoji_720.jpg;['sad'];[238];[310]
812;emoji_721.jpg;['surprised'];[65];[191]
813;emoji_722.jpg;['crying'];[42];[239]
814;emoji_723.jpg;['crying'];[468];[329]
815;emoji_724.jpg;['surprised', 'surprised', 'crying'];[287, 274, 160];[61, 388, 209]
816;emoji_725.jpg;['crying'];[567];[284]
817;emoji_726.jpg;['happy'];[730];[62]
818;emoji_727.jpg;['angry'];[327];[497]
819;emoji_728.jpg;['happy', 'sad'];[589, 538];[326, 260]
820;emoji_729.jpg;['surprised'];[51];[72]
821;emoji_73.jpg;['surprised'];[537];[293]
822;emoji_730.jpg;['sad'];[750];[41]
823;emoji_731.jpg;['sad'];[537];[107]
824;emoji_732.jpg;['crying', 'surprised', 'sad', 'happy', 'happy'];[571, 136, 502, 377, 329];[103, 312, 470, 306, 460]
825;emoji_733.jpg;['sad'];[277];[361]
826;emoji_734.jpg;['sad'];[565];[507]
827;emoji_735.jpg;['angry'];[499];[409]
828;emoji_736.jpg;['surprised'];[725];[518]
829;emoji_737.jpg;['crying'];[224];[246]
830;emoji_738.jpg;['crying'];[313];[39]
831;emoji_739.jpg;['angry'];[311];[304]
832;emoji_74.jpg;['angry'];[177];[373]
833;emoji_740.jpg;['surprised'];[212];[49]
834;emoji_741.jpg;['angry'];[476];[258]
835;emoji_742.jpg;['sad'];[315];[339]
836;emoji_743.jpg;['surprised'];[446];[206]
837;emoji_744.jpg;['happy'];[118];[236]
838;emoji_745.jpg;['surprised'];[514];[221]
839;emoji_746.jpg;['sad'];[185];[271]
840;emoji_747.jpg;['sad'];[410];[392]
841;emoji_748.jpg;['angry', 'happy', 'surprised'];[87, 266, 179];[173, 377, 430]
842;emoji_749.jpg;['happy'];[610];[282]
843;emoji_75.jpg;['angry'];[305];[304]
844;emoji_750.jpg;['surprised'];[561];[391]
845;emoji_751.jpg;['surprised'];[425];[10]
846;emoji_752.jpg;['surprised'];[530];[6]
847;emoji_753.jpg;['angry', 'crying'];[645, 570];[29, 358]
848;emoji_754.jpg;['angry'];[224];[527]
849;emoji_755.jpg;['sad'];[154];[532]
850;emoji_756.jpg;['crying'];[332];[208]
851;emoji_757.jpg;['surprised'];[744];[446]
852;emoji_758.jpg;['angry'];[415];[35]
853;emoji_759.jpg;['angry'];[656];[421]
854;emoji_76.jpg;['happy'];[452];[257]
855;emoji_760.jpg;['sad', 'angry', 'crying', 'happy', 'angry'];[606, 437, 557, 599, 197];[186, 4, 443, 363, 371]
856;emoji_761.jpg;['crying'];[385];[373]
857;emoji_762.jpg;['happy'];[357];[93]
858;emoji_763.jpg;['crying', 'happy', 'crying', 'surprised', 'crying'];[507, 45, 686, 550, 233];[520, 142, 455, 464, 326]
859;emoji_764.jpg;['sad'];[412];[6]
860;emoji_765.jpg;['crying'];[169];[513]
861;emoji_766.jpg;['surprised'];[201];[221]
862;emoji_767.jpg;['angry'];[587];[243]
863;emoji_768.jpg;['crying'];[342];[182]
864;emoji_769.jpg;['surprised'];[729];[259]
865;emoji_77.jpg;['surprised'];[49];[517]
866;emoji_770.jpg;['sad', 'surprised'];[700, 302];[2, 34]
867;emoji_771.jpg;['surprised'];[595];[321]
868;emoji_772.jpg;['happy'];[353];[91]
869;emoji_773.jpg;['surprised'];[555];[314]
870;emoji_774.jpg;['surprised'];[449];[440]
871;emoji_775.jpg;['angry', 'sad', 'angry'];[335, 481, 198];[45, 237, 443]
872;emoji_776.jpg;['angry'];[201];[353]
873;emoji_777.jpg;['surprised'];[697];[102]
874;emoji_778.jpg;['happy', 'sad'];[107, 411];[67, 381]
875;emoji_779.jpg;['sad'];[284];[407]
876;emoji_78.jpg;['surprised'];[109];[107]
877;emoji_780.jpg;['crying'];[140];[464]
878;emoji_781.jpg;['crying', 'happy'];[366, 683];[436, 362]
879;emoji_782.jpg;['crying'];[179];[236]
880;emoji_783.jpg;['angry'];[566];[212]
881;emoji_784.jpg;['happy', 'surprised', 'sad', 'happy', 'crying'];[237, 611, 118, 113, 295];[217, 355, 64, 523, 199]
882;emoji_785.jpg;['surprised'];[387];[478]
883;emoji_786.jpg;['surprised'];[57];[307]
884;emoji_787.jpg;['sad'];[536];[176]
885;emoji_788.jpg;['sad'];[63];[39]
886;emoji_789.jpg;['angry', 'surprised', 'angry', 'crying', 'surprised'];[670, 125, 425, 449, 330];[175, 193, 487, 247, 94]
887;emoji_79.jpg;['angry', 'sad'];[354, 660];[18, 361]
888;emoji_790.jpg;['sad'];[347];[539]
889;emoji_791.jpg;['sad'];[166];[0]
890;emoji_792.jpg;['sad'];[318];[189]
891;emoji_793.jpg;['angry'];[538];[69]
892;emoji_794.jpg;['angry'];[262];[548]
893;emoji_795.jpg;['angry'];[284];[10]
894;emoji_796.jpg;['surprised'];[32];[336]
895;emoji_797.jpg;['surprised'];[711];[83]
896;emoji_798.jpg;['angry'];[386];[370]
897;emoji_799.jpg;['sad'];[33];[477]
898;emoji_8.jpg;['surprised'];[224];[341]
899;emoji_80.jpg;['happy', 'angry', 'crying'];[147, 344, 332];[364, 527, 320]
900;emoji_800.jpg;['surprised'];[415];[6]
901;emoji_801.jpg;['angry'];[177];[86]
902;emoji_802.jpg;['crying'];[596];[96]
903;emoji_803.jpg;['angry', 'angry', 'sad', 'surprised', 'angry'];[432, 273, 735, 555, 350];[283, 18, 34, 210, 194]
904;emoji_804.jpg;['crying'];[481];[244]
905;emoji_805.jpg;['angry'];[40];[213]
906;emoji_806.jpg;['surprised'];[569];[180]
907;emoji_807.jpg;['angry'];[469];[359]
908;emoji_808.jpg;['happy'];[52];[542]
909;emoji_809.jpg;['happy'];[44];[278]
910;emoji_81.jpg;['happy'];[294];[343]
911;emoji_810.jpg;['surprised'];[613];[129]
912;emoji_811.jpg;['surprised'];[571];[87]
913;emoji_812.jpg;['crying'];[647];[146]
914;emoji_813.jpg;['angry'];[714];[167]
915;emoji_814.jpg;['happy'];[235];[167]
916;emoji_815.jpg;['sad'];[555];[89]
917;emoji_816.jpg;['sad'];[699];[345]
918;emoji_817.jpg;['surprised', 'crying', 'happy'];[156, 258, 201];[291, 64, 138]
919;emoji_818.jpg;['happy'];[28];[406]
920;emoji_819.jpg;['sad'];[711];[496]
921;emoji_82.jpg;['surprised'];[149];[98]
922;emoji_820.jpg;['sad'];[25];[183]
923;emoji_821.jpg;['happy'];[448];[398]
924;emoji_822.jpg;['surprised', 'crying', 'surprised', 'crying', 'surprised'];[720, 381, 475, 210, 638];[110, 362, 335, 116, 149]
925;emoji_823.jpg;['surprised'];[230];[336]
926;emoji_824.jpg;['angry'];[120];[550]
927;emoji_825.jpg;['crying'];[147];[497]
928;emoji_826.jpg;['crying'];[343];[177]
929;emoji_827.jpg;['angry'];[247];[193]
930;emoji_828.jpg;['sad'];[621];[491]
931;emoji_829.jpg;['crying'];[135];[341]
932;emoji_83.jpg;['angry'];[692];[209]
933;emoji_830.jpg;['sad'];[680];[472]
934;emoji_831.jpg;['crying', 'sad'];[403, 721];[128, 538]
935;emoji_832.jpg;['happy'];[74];[73]
936;emoji_833.jpg;['sad'];[479];[279]
937;emoji_834.jpg;['surprised'];[257];[60]
938;emoji_835.jpg;['happy'];[645];[319]
939;emoji_836.jpg;['angry'];[14];[53]
940;emoji_837.jpg;['angry'];[167];[209]
941;emoji_838.jpg;['angry'];[391];[179]
942;emoji_839.jpg;['sad'];[473];[478]
943;emoji_84.jpg;['surprised'];[271];[415]
944;emoji_840.jpg;['crying'];[679];[302]
945;emoji_841.jpg;['surprised'];[662];[538]
946;emoji_842.jpg;['sad'];[435];[1]
947;emoji_843.jpg;['surprised'];[717];[372]
948;emoji_844.jpg;['angry'];[105];[496]
949;emoji_845.jpg;['crying'];[431];[507]
950;emoji_846.jpg;['sad'];[466];[515]
951;emoji_847.jpg;['surprised'];[437];[449]
952;emoji_848.jpg;['happy', 'happy', 'surprised'];[3, 94, 31];[334, 387, 156]
953;emoji_849.jpg;['angry'];[223];[9]
954;emoji_85.jpg;['angry', 'happy'];[422, 516];[496, 224]
955;emoji_850.jpg;['crying'];[597];[361]
956;emoji_851.jpg;['sad'];[268];[530]
957;emoji_852.jpg;['angry'];[719];[0]
958;emoji_853.jpg;['crying'];[737];[291]
959;emoji_854.jpg;['sad', 'surprised', 'angry'];[469, 639, 546];[339, 384, 21]
960;emoji_855.jpg;['sad'];[579];[68]
961;emoji_856.jpg;['happy'];[685];[541]
962;emoji_857.jpg;['sad'];[718];[243]
963;emoji_858.jpg;['crying'];[583];[28]
964;emoji_859.jpg;['surprised'];[352];[153]
965;emoji_86.jpg;['crying'];[747];[188]
966;emoji_860.jpg;['crying'];[565];[84]
967;emoji_861.jpg;['sad'];[445];[498]
968;emoji_862.jpg;['surprised'];[507];[450]
969;emoji_863.jpg;['surprised'];[94];[279]
970;emoji_864.jpg;['crying'];[362];[13]
971;emoji_865.jpg;['surprised'];[128];[316]
972;emoji_866.jpg;['happy'];[254];[431]
973;emoji_867.jpg;['angry'];[115];[189]
974;emoji_868.jpg;['angry'];[480];[74]
975;emoji_869.jpg;['crying'];[585];[101]
976;emoji_87.jpg;['angry', 'sad', 'sad', 'crying', 'crying'];[393, 432, 103, 272, 422];[320, 491, 56, 452, 412]
977;emoji_870.jpg;['crying'];[715];[405]
978;emoji_871.jpg;['happy'];[43];[528]
979;emoji_872.jpg;['surprised'];[138];[476]
980;emoji_873.jpg;['angry', 'crying'];[622, 477];[343, 224]
981;emoji_874.jpg;['happy', 'angry', 'crying', 'crying', 'surprised'];[642, 415, 525, 38, 589];[507, 348, 433, 467, 496]
982;emoji_875.jpg;['sad'];[716];[239]
983;emoji_876.jpg;['sad'];[139];[254]
984;emoji_877.jpg;['happy'];[645];[127]
985;emoji_878.jpg;['surprised'];[43];[357]
986;emoji_879.jpg;['angry'];[411];[412]
987;emoji_88.jpg;['crying'];[641];[4]
988;emoji_880.jpg;['sad', 'sad', 'crying'];[342, 12, 702];[301, 446, 248]
989;emoji_881.jpg;['crying'];[89];[457]
990;emoji_882.jpg;['sad'];[67];[377]
991;emoji_883.jpg;['sad'];[147];[133]
992;emoji_884.jpg;['sad'];[748];[506]
993;emoji_885.jpg;['happy'];[554];[266]
994;emoji_886.jpg;['happy'];[662];[110]
995;emoji_887.jpg;['surprised'];[198];[112]
996;emoji_888.jpg;['sad'];[609];[96]
997;emoji_889.jpg;['angry'];[180];[146]
998;emoji_89.jpg;['angry'];[538];[481]
999;emoji_890.jpg;['happy'];[313];[451]
1000;emoji_891.jpg;['crying'];[418];[322]
1001;emoji_892.jpg;['sad'];[530];[136]
1002;emoji_893.jpg;['sad'];[322];[425]
1003;emoji_894.jpg;['surprised'];[30];[294]
1004;emoji_895.jpg;['surprised'];[475];[345]
1005;emoji_896.jpg;['sad'];[645];[527]
1006;emoji_897.jpg;['angry'];[420];[59]
1007;emoji_898.jpg;['happy'];[25];[446]
1008;emoji_899.jpg;['crying'];[463];[495]
1009;emoji_9.jpg;['happy'];[530];[282]
1010;emoji_90.jpg;['surprised'];[311];[303]
1011;emoji_900.jpg;['crying'];[377];[319]
1012;emoji_901.jpg;['happy'];[257];[214]
1013;emoji_902.jpg;['happy'];[246];[289]
1014;emoji_903.jpg;['sad', 'surprised', 'sad'];[532, 289, 515];[46, 200, 400]
1015;emoji_904.jpg;['happy', 'crying', 'happy', 'sad', 'happy'];[232, 607, 240, 186, 114];[511, 5, 394, 111, 295]
1016;emoji_905.jpg;['sad'];[497];[115]
1017;emoji_906.jpg;['angry', 'angry', 'happy', 'angry', 'sad'];[91, 466, 34, 500, 367];[529, 68, 152, 51, 465]
1018;emoji_907.jpg;['surprised'];[435];[279]
1019;emoji_908.jpg;['crying'];[306];[171]
1020;emoji_909.jpg;['crying'];[248];[60]
1021;emoji_91.jpg;['sad'];[393];[47]
1022;emoji_910.jpg;['surprised'];[104];[510]
1023;emoji_911.jpg;['sad', 'sad', 'sad', 'sad', 'angry'];[723, 441, 727, 425, 711];[505, 425, 327, 333, 438]
1024;emoji_912.jpg;['angry'];[50];[58]
1025;emoji_913.jpg;['surprised', 'sad', 'surprised', 'sad', 'happy'];[598, 423, 724, 109, 562];[115, 446, 97, 373, 16]
1026;emoji_914.jpg;['surprised'];[266];[400]
1027;emoji_915.jpg;['sad'];[600];[200]
1028;emoji_916.jpg;['happy'];[211];[126]
1029;emoji_917.jpg;['happy'];[527];[28]
1030;emoji_918.jpg;['surprised'];[221];[272]
1031;emoji_919.jpg;['surprised'];[174];[108]
1032;emoji_92.jpg;['sad'];[216];[235]
1033;emoji_920.jpg;['crying'];[1];[277]
1034;emoji_921.jpg;['angry'];[108];[32]
1035;emoji_922.jpg;['surprised'];[594];[503]
1036;emoji_923.jpg;['happy'];[369];[424]
1037;emoji_924.jpg;['sad'];[532];[351]
1038;emoji_925.jpg;['sad'];[301];[37]
1039;emoji_926.jpg;['happy'];[32];[123]
1040;emoji_927.jpg;['sad'];[643];[288]
1041;emoji_928.jpg;['happy'];[569];[168]
1042;emoji_929.jpg;['sad'];[435];[444]
1043;emoji_93.jpg;['surprised'];[243];[284]
1044;emoji_930.jpg;['sad'];[701];[65]
1045;emoji_931.jpg;['sad'];[538];[288]
1046;emoji_932.jpg;['surprised'];[163];[265]
1047;emoji_933.jpg;['sad'];[285];[336]
1048;emoji_934.jpg;['crying'];[618];[430]
1049;emoji_935.jpg;['angry'];[670];[466]
1050;emoji_936.jpg;['surprised'];[390];[162]
1051;emoji_937.jpg;['crying'];[493];[34]
1052;emoji_938.jpg;['happy', 'surprised', 'angry'];[117, 14, 296];[79, 78, 155]
1053;emoji_939.jpg;['sad'];[452];[369]
1054;emoji_94.jpg;['crying'];[681];[378]
1055;emoji_940.jpg;['crying'];[642];[229]
1056;emoji_941.jpg;['crying'];[177];[247]
1057;emoji_942.jpg;['surprised', 'sad'];[340, 408];[375, 506]
1058;emoji_943.jpg;['happy'];[705];[457]
1059;emoji_944.jpg;['angry'];[353];[300]
1060;emoji_945.jpg;['sad'];[28];[458]
1061;emoji_946.jpg;['happy'];[214];[48]
1062;emoji_947.jpg;['sad'];[282];[155]
1063;emoji_948.jpg;['surprised'];[472];[253]
1064;emoji_949.jpg;['angry'];[109];[127]
1065;emoji_95.jpg;['happy'];[20];[375]
1066;emoji_950.jpg;['happy'];[1];[114]
1067;emoji_951.jpg;['crying'];[374];[239]
1068;emoji_952.jpg;['angry'];[560];[0]
1069;emoji_953.jpg;['crying'];[35];[507]
1070;emoji_954.jpg;['surprised'];[305];[158]
1071;emoji_955.jpg;['crying'];[604];[483]
1072;emoji_956.jpg;['sad', 'angry', 'angry'];[119, 180, 62];[426, 520, 160]
1073;emoji_957.jpg;['angry'];[77];[295]
1074;emoji_958.jpg;['crying'];[146];[532]
1075;emoji_959.jpg;['angry'];[3];[205]
1076;emoji_96.jpg;['angry'];[240];[99]
1077;emoji_960.jpg;['sad'];[421];[12]
1078;emoji_961.jpg;['crying'];[121];[431]
1079;emoji_962.jpg;['crying'];[404];[29]
1080;emoji_963.jpg;['sad'];[26];[181]
1081;emoji_964.jpg;['angry'];[39];[331]
1082;emoji_965.jpg;['angry'];[562];[525]
1083;emoji_966.jpg;['angry'];[321];[497]
1084;emoji_967.jpg;['angry'];[197];[321]
1085;emoji_968.jpg;['sad'];[32];[197]
1086;emoji_969.jpg;['crying'];[531];[213]
1087;emoji_97.jpg;['crying'];[139];[427]
1088;emoji_970.jpg;['surprised'];[438];[58]
1089;emoji_971.jpg;['crying'];[277];[404]
1090;emoji_972.jpg;['sad', 'happy'];[726, 625];[234, 549]
1091;emoji_973.jpg;['sad'];[663];[359]
1092;emoji_974.jpg;['surprised'];[76];[282]
1093;emoji_975.jpg;['angry'];[421];[173]
1094;emoji_976.jpg;['crying'];[350];[483]
1095;emoji_977.jpg;['surprised'];[343];[182]
1096;emoji_978.jpg;['crying'];[709];[445]
1097;emoji_979.jpg;['crying'];[199];[336]
1098;emoji_98.jpg;['surprised'];[109];[164]
1099;emoji_980.jpg;['happy'];[68];[166]
1100;emoji_981.jpg;['sad'];[504];[438]
1101;emoji_982.jpg;['angry', 'angry', 'surprised'];[707, 310, 307];[355, 139, 34]
1102;emoji_983.jpg;['happy'];[312];[305]
1103;emoji_984.jpg;['angry', 'crying'];[334, 493];[403, 332]
1104;emoji_985.jpg;['happy'];[648];[461]
1105;emoji_986.jpg;['crying'];[17];[369]
1106;emoji_987.jpg;['angry'];[70];[122]
1107;emoji_988.jpg;['surprised'];[19];[2]
1108;emoji_989.jpg;['crying'];[671];[545]
1109;emoji_99.jpg;['angry'];[733];[435]
1110;emoji_990.jpg;['angry'];[105];[36]
1111;emoji_991.jpg;['surprised'];[257];[342]
1112;emoji_992.jpg;['happy'];[54];[340]
1113;emoji_993.jpg;['happy'];[586];[310]
1114;emoji_994.jpg;['surprised'];[41];[498]
1115;emoji_995.jpg;['happy'];[741];[526]
1116;emoji_996.jpg;['happy'];[323];[14]
1117;emoji_997.jpg;['angry'];[190];[141]
1118;emoji_998.jpg;['sad'];[453];[202]
1119;emoji_999.jpg;['happy'];[513];[349]
